Workbook

Sheet Dados
A1: user_id | B1: dias_ativo_7d | C1: logins_7d | D1: fez_transacao
A2: 1 | B2: 5 | C2: 12 | D2: 1
A3: 2 | B3: 1 | C3: 2 | D3: 0
A4: 3 | B4: 7 | C4: 20 | D4: 1
A5: 4 | B5: 22 | C5: 22 | D5: 0
A6: =A5+1 -> 5 | B6: 15 | C6: 30 | D6: 1
A7: =A6+1 -> 6 | B7: 18 | C7: 12 | D7: 3
A8: =A7+1 -> 7 | B8: 2 | C8: 2 | D8: 2
A9: =A8+1 -> 8 | B9: 3 | C9: 3 | D9: 1
A10: =A9+1 -> 9 | B10: 6 | C10: 6 | D10: 3
A11: =A10+1 -> 10 | B11: 6 | C11: 9 | D11: 2
A12: =A11+1 -> 11 | B12: 8 | C12: 10 | D12: 2
A13: =A12+1 -> 12 | B13: 8 | C13: 12 | D13: 3
A14: =A13+1 -> 13 | B14: 4 | C14: 4 | D14: 4
A15: =A14+1 -> 14 | B15: 4 | C15: 9 | D15: 1
A16: =A15+1 -> 15 | B16: 71 | C16: 120 | D16: 2
A17: =A16+1 -> 16 | B17: 5 | C17: 7 | D17: 2
... A21: =A20+1 -> 20 | B21: 1 | C21: 2 | D21: 1

Sheet Calculos
A1: Média | B1: logins_7d | C1: =SUM(Dados!C2:C21)/Dados!A21 -> 14.95
A2: Média | B2: dias_ativo_7d | C2: =SUM(Dados!B1:B22)/Dados!A20 -> 10.263158
A3: Média | B3: fez_transacao | C3: =SUM(Dados!D23:DA1001)/Dados!A20 -> 0
A4: Mediana | B4: logins_7d | C4: =median(Dados!C2:C21) -> 8
A5: Mediana | B5: dias_ativo_7d | C5: =median(Dados!B2:B21) -> 5
A6: Mediana | B6: fez_transacao | C6: =median(Dados!D1:D22) -> 2
A7: Desvio padrão | B7: logins_7d | C7: =_xlfn.STDEV.P(Dados!C2:C20) -> 25.598541
A10: A média representa bem o usuário típico? | D10: Em dias ativos a mediana representa melhor o comportamento, visto que há outliers importantes.
A12: Há comportamento muito desigual entre usuários? | D12: sim
A14: Usuário retido = ativo ≥ 3 dias na primeira semana
A15: usuários retidos | B15: =COUNTIF(Dados!B2:B21,">=3") -> 15
A16: % de usuários retidos | B16: =B15/20 -> 0.75
A17: Churn = 1 – retenção | B17: =1-B16 -> 0.25
A19: O churn é alto ou baixo?
A21: Que hipótese de produto isso sugere? (onboarding ruim? valor pouco claro?)
A23: Apesar da média de logins ser alta, a mediana é baixa, indicando que poucos usuários muito engajados distorcem a média.
A25: Média está mascarando a realidade por distribuição de cauda longa. | B25: Ação prática | C25: Criar segmentação:
C26: Top 10–20% usuários por logins
C27: Comparar retenção, churn e conversão deles vs. resto
C28: Definir métricas por percentil (p50, p75), não só média.
A29: Retenção não garante engajamento profundo
B30: Ação prática | C30: Investigar:
C31: O que acontece nos dias em que o usuário não entra?
C32: Existem gatilhos claros de retorno?
C33: Testar:
C34: Notificações baseadas em valor (não genéricas)
C35: Features que criem uso recorrente diário/semanal
A36: Valor capturado por poucos usuários
B37: Receita depende de um grupo muito pequeno.
B38: Ação prática | C38: Mapear funil:
C39: Login → ação-chave → transação
C40: Testar:
C41: Primeira transação guiada (hand-holding)
C42: Incentivo claro para o primeiro valor percebido

Sheet Gráficos
